{"initial_reset_timestamp": 0.701207875, "timestamps": [81.738646708], "episode_lengths": [1000], "episode_rewards": [0.628638988935771], "episode_types": ["t"]}